﻿<Publish>
	<!--Id must be set in order to update existed mod. it is not required for publishing mod for the first time-->
	<ModId Value="" />
	<!--Name of the mod to display to players-->
	<DisplayName Value="Mail_Manager" />
	<!--Short description of the mod-->
	<ShortDescription Value="This is a short description" />
	<!--Long description of the mod. Single line or multi line. Supports minimal markdown subset-->
	<!--LongDescription Value="This is a long description" /-->
	<LongDescription>
This is a long description
	</LongDescription>
	<!--Thumbnail-->
	<Thumbnail Value="Properties/Thumbnail.png" />
	<!--Screenshot, can be set multiple times-->
	<Screenshot Value="" />
	<!--Tag, can be set multiple times-->
	<Tag Value="" />
	<!--Link to the forum post where the mod can be discussed-->
	<ForumLink Value="" />
	<!--Version of the mod-->
	<ModVersion Value="1.0" />
	<!--Recommended version of the base game to use the mod-->
	<GameVersion Value="1.0.*" />
	<!--Dependency for the mod, can be set multiple times-->
	<Dependency Id="" />
	<!--Change log for new version. Single line or multi line. Supports minimal markdown subset-->
	<ChangeLog Value="" />
	<!--ChangeLog>
	</ChangeLog-->
	<!--External link. supported types are discord, github, youtube, twitch, x, paypal, patreon, buymeacoffee, kofi, crowdin, gitlab-->
	<ExternalLink Type="" Url="" />
</Publish>
